symbol,date,open,high,low,close,volume
AEROENTER,2022-11-21,57.7,59.9,56.5,59.65,993926
AEROENTER,2022-11-22,60.5,64.0,59.0,60.3,902732
AEROENTER,2022-11-23,61.5,65.0,60.15,62.8,1236381
AEROENTER,2022-11-24,63.95,65.9,63.1,63.7,200851
AEROENTER,2022-11-25,64.5,69.0,64.45,67.1,1302713
AEROENTER,2022-11-28,68.4,71.95,67.3,71.0,1369024
AEROENTER,2022-11-29,71.4,72.9,70.0,71.95,866789
AEROENTER,2022-11-30,72.65,73.8,69.95,70.3,236733
AEROENTER,2022-12-01,69.0,70.0,64.2,66.1,257428
AEROENTER,2022-12-02,65.85,69.6,63.1,68.3,186082
AEROENTER,2022-12-05,69.3,70.9,69.0,69.45,81003
AEROENTER,2022-12-06,70.15,70.7,68.2,68.75,58730
AEROENTER,2022-12-07,68.5,69.9,67.05,67.45,48530
AEROENTER,2022-12-08,67.5,69.85,66.4,68.1,70330
AEROENTER,2022-12-09,69.1,69.1,66.0,66.35,73561
AEROENTER,2022-12-12,66.35,72.0,65.7,69.95,263008
AEROENTER,2022-12-13,71.5,71.5,68.95,69.7,67109
AEROENTER,2022-12-14,70.7,70.7,67.6,68.25,48781
AEROENTER,2022-12-15,68.8,71.4,67.25,68.55,131513
AEROENTER,2022-12-16,69.0,69.7,67.45,68.35,700882
AEROENTER,2022-12-19,68.95,70.0,67.65,69.1,166477
AEROENTER,2022-12-20,70.15,70.6,68.5,70.05,147354
AEROENTER,2022-12-21,70.75,72.45,66.15,68.95,176089
AEROENTER,2022-12-22,68.4,68.4,63.2,64.3,135368
AEROENTER,2022-12-23,65.0,65.0,58.15,58.35,121706
AEROENTER,2022-12-26,60.25,64.15,60.05,64.15,131364
AEROENTER,2022-12-27,67.95,70.55,67.85,70.5,161175
AEROENTER,2022-12-28,71.8,74.8,69.1,70.35,125045
AEROENTER,2022-12-29,71.45,71.45,66.25,67.85,70815
AEROENTER,2022-12-30,68.65,70.0,66.8,67.45,51842
AEROENTER,2023-01-02,66.8,69.85,66.8,67.2,43687
AEROENTER,2023-01-03,68.9,69.65,66.2,67.5,50739
AEROENTER,2023-01-04,68.15,68.95,67.35,67.6,56621
AEROENTER,2023-01-05,68.45,68.65,66.8,66.9,67595
AEROENTER,2023-01-06,67.9,68.0,65.45,66.9,42243
AEROENTER,2023-01-09,68.25,68.25,65.7,66.9,58144
AEROENTER,2023-01-10,68.4,70.4,66.9,69.75,65486
AEROENTER,2023-01-11,68.6,71.1,68.6,69.8,62756
AEROENTER,2023-01-12,69.95,76.75,69.95,74.5,1803518
AEROENTER,2023-01-13,75.9,75.9,72.65,73.1,106559
AEROENTER,2023-01-16,75.2,78.9,73.1,76.65,621951
AEROENTER,2023-01-17,76.6,78.7,75.4,77.3,155214
AEROENTER,2023-01-18,77.8,79.0,76.0,76.25,133687
AEROENTER,2023-01-19,77.35,77.6,75.55,75.9,55998
AEROENTER,2023-01-20,76.5,83.0,73.6,79.35,1199160
AEROENTER,2023-01-23,82.85,83.0,77.0,81.05,908702
AEROENTER,2023-01-24,81.85,84.2,80.7,82.6,172407
AEROENTER,2023-01-25,82.9,84.0,79.1,82.4,260356
AEROENTER,2023-01-27,83.65,84.0,75.45,77.05,301901
AEROENTER,2023-01-30,79.45,84.0,74.1,79.45,322607
AEROENTER,2023-01-31,80.65,83.55,77.55,79.75,120725
AEROENTER,2023-02-01,78.9,81.7,75.65,77.1,184539
AEROENTER,2023-02-02,77.95,77.95,74.1,74.3,209979
AEROENTER,2023-02-03,75.8,81.7,72.75,80.2,348558
AEROENTER,2023-02-06,81.65,84.0,79.0,79.5,271241
AEROENTER,2023-02-07,80.95,82.5,78.8,80.4,87622
AEROENTER,2023-02-08,81.55,81.55,79.0,80.7,42003
AEROENTER,2023-02-09,81.75,82.9,78.2,80.55,238727
AEROENTER,2023-02-10,81.75,81.75,78.05,78.4,57872
AEROENTER,2023-02-13,77.4,81.55,77.4,79.6,110023
AEROENTER,2023-02-14,76.15,78.5,73.1,74.15,187893
AEROENTER,2023-02-15,73.1,75.25,68.25,70.5,76846
AEROENTER,2023-02-16,70.1,74.4,69.4,72.55,80959
AEROENTER,2023-02-17,74.0,74.0,71.5,71.95,26825
AEROENTER,2023-02-20,72.55,73.85,70.4,71.9,25379
AEROENTER,2023-02-21,72.6,74.75,69.95,70.35,40128
AEROENTER,2023-02-22,72.1,72.25,67.0,67.8,46285
AEROENTER,2023-02-23,69.25,71.9,68.75,70.5,36989
AEROENTER,2023-02-24,71.2,71.8,67.0,67.95,37167
AEROENTER,2023-02-27,69.4,69.4,66.3,66.65,25958
AEROENTER,2023-02-28,69.75,69.75,64.4,64.95,41888
AEROENTER,2023-03-01,67.9,67.9,64.5,65.1,39677
AEROENTER,2023-03-02,65.1,68.0,65.0,66.6,68212
AEROENTER,2023-03-03,67.1,69.9,65.75,68.6,94243
AEROENTER,2023-03-06,68.95,71.55,68.45,70.9,81304
AEROENTER,2023-03-08,72.35,72.35,68.45,69.5,23093
AEROENTER,2023-03-09,69.05,71.1,69.05,70.2,29549
AEROENTER,2023-03-10,70.65,71.0,68.45,69.2,19676
AEROENTER,2023-03-13,69.2,70.5,65.85,67.15,22615
AEROENTER,2023-03-14,67.95,68.75,63.75,64.0,54205
AEROENTER,2023-03-15,67.85,67.9,62.8,63.45,25377
AEROENTER,2023-03-16,65.0,65.95,58.65,62.2,53996
AEROENTER,2023-03-17,63.1,64.55,62.4,63.05,28807
AEROENTER,2023-03-20,64.05,68.65,61.4,62.15,36916
AEROENTER,2023-03-21,64.0,66.0,62.4,64.75,88058
AEROENTER,2023-03-22,66.1,68.65,63.5,63.85,25542
AEROENTER,2023-03-23,63.05,66.8,63.05,65.0,50526
AEROENTER,2023-03-24,65.0,65.5,63.5,63.95,17858
AEROENTER,2023-03-27,67.4,67.4,61.0,61.55,28711
AEROENTER,2023-03-28,61.7,62.5,59.95,61.5,23990
AEROENTER,2023-03-29,62.0,62.2,57.0,57.8,68856
AEROENTER,2023-03-31,59.8,62.0,58.8,59.65,56747
AEROENTER,2023-04-03,61.3,71.55,61.3,71.0,277969
AEROENTER,2023-04-05,71.1,72.45,67.65,69.1,108432
AEROENTER,2023-04-06,68.0,71.85,68.0,70.65,89052
AEROENTER,2023-04-10,69.0,72.3,64.65,65.65,155937
AEROENTER,2023-04-11,67.0,67.55,63.6,64.0,113568
AEROENTER,2023-04-12,64.9,65.4,59.6,61.3,158773
AEROENTER,2023-04-13,62.75,62.75,59.1,60.95,105872
AEROENTER,2023-04-17,61.85,65.05,60.7,61.2,193151
AEROENTER,2023-04-18,62.5,63.4,60.5,61.6,94473
AEROENTER,2023-04-19,61.1,62.9,59.8,60.3,174094
AEROENTER,2023-04-20,60.5,62.35,57.7,58.9,136688
AEROENTER,2023-04-21,58.9,60.7,57.8,58.2,123607
AEROENTER,2023-04-24,61.95,61.95,58.0,58.25,70018
AEROENTER,2023-04-25,59.5,59.95,56.9,57.25,167303
AEROENTER,2023-04-26,57.3,58.7,55.1,56.0,162482
AEROENTER,2023-04-27,56.0,57.2,55.0,55.9,125885
AEROENTER,2023-04-28,56.0,57.95,55.65,56.45,116633
AEROENTER,2023-05-02,57.0,62.2,56.55,60.45,334428
AEROENTER,2023-05-03,60.25,65.4,59.8,63.9,696893
AEROENTER,2023-05-04,64.7,64.7,62.05,63.6,144218
AEROENTER,2023-05-05,62.55,65.85,61.5,62.2,237179
AEROENTER,2023-05-08,63.0,63.9,62.35,62.6,105450
AEROENTER,2023-05-09,63.0,69.5,62.5,67.55,660192
AEROENTER,2023-05-10,67.5,69.1,64.55,65.05,242605
AEROENTER,2023-05-11,64.85,71.25,64.85,70.45,1021108
AEROENTER,2023-05-12,71.2,74.65,69.7,74.0,902662
AEROENTER,2023-05-15,74.0,76.3,71.1,72.2,3258980
AEROENTER,2023-05-16,74.3,74.7,68.75,71.4,1544782
AEROENTER,2023-05-17,71.85,76.4,71.55,75.25,1206956
AEROENTER,2023-05-18,77.1,77.8,74.5,75.45,585643
AEROENTER,2023-05-19,76.0,76.7,74.25,75.0,436372
AEROENTER,2023-05-22,75.4,76.5,73.5,73.95,219841
AEROENTER,2023-05-23,74.5,77.4,74.2,76.5,617266
AEROENTER,2023-05-24,77.75,78.55,75.45,76.85,730562
AEROENTER,2023-05-25,77.0,79.25,75.75,78.25,684924
AEROENTER,2023-05-26,79.4,81.5,77.5,80.9,558908
AEROENTER,2023-05-29,81.7,81.7,78.05,78.25,202271
AEROENTER,2023-05-30,78.85,79.2,76.5,78.2,164840
AEROENTER,2023-05-31,77.3,79.1,75.5,76.25,168275
AEROENTER,2023-06-01,76.2,77.0,75.05,75.4,153076
AEROENTER,2023-06-02,76.0,77.75,72.05,72.9,244897
AEROENTER,2023-06-05,73.45,74.4,71.2,72.0,341713
AEROENTER,2023-06-06,72.0,75.1,70.4,74.15,395057
AEROENTER,2023-06-07,74.05,75.2,70.9,73.75,598833
AEROENTER,2023-06-08,73.8,74.95,72.3,73.95,310199
AEROENTER,2023-06-09,73.8,76.45,73.05,73.8,181999
AEROENTER,2023-06-12,74.2,74.5,72.0,72.35,155894
AEROENTER,2023-06-13,73.35,73.8,71.6,72.55,117420
AEROENTER,2023-06-14,73.9,80.0,73.75,76.8,763435
AEROENTER,2023-06-15,77.95,78.4,73.7,74.65,317778
AEROENTER,2023-06-16,75.0,75.8,73.0,75.55,266975
AEROENTER,2023-06-19,76.4,77.55,74.25,75.55,686899
AEROENTER,2023-06-20,74.3,82.4,74.3,80.55,1035787
AEROENTER,2023-06-21,82.5,84.3,80.1,83.65,1265330
AEROENTER,2023-06-22,84.7,84.7,81.0,82.9,388036
AEROENTER,2023-06-23,83.3,83.3,80.05,81.25,277553
AEROENTER,2023-06-26,82.45,83.4,78.0,80.1,307428
AEROENTER,2023-06-27,80.8,81.65,78.35,79.2,237120
AEROENTER,2023-06-28,80.25,81.95,77.5,78.0,246106
AEROENTER,2023-06-30,78.3,83.35,78.1,79.95,982180
AEROENTER,2023-07-03,80.35,83.9,80.25,83.25,559835
AEROENTER,2023-07-04,84.0,88.6,82.6,86.4,2569896
AEROENTER,2023-07-05,86.75,91.8,86.55,88.25,946547
AEROENTER,2023-07-06,88.0,92.55,85.05,89.9,4388427
AEROENTER,2023-07-07,90.9,101.5,89.7,97.9,4200518
AEROENTER,2023-07-10,99.5,103.4,97.0,98.05,1181134
AEROENTER,2023-07-11,98.8,102.8,96.55,100.55,1056839
AEROENTER,2023-07-12,100.55,103.2,99.4,100.35,488258
AEROENTER,2023-07-13,100.85,101.8,97.0,99.65,807398
AEROENTER,2023-07-14,99.7,103.8,99.7,102.55,879745
AEROENTER,2023-07-17,102.9,107.6,102.0,102.9,1268418
AEROENTER,2023-07-18,103.5,105.1,101.0,102.05,561773
AEROENTER,2023-07-19,102.75,104.4,100.45,101.1,660648
AEROENTER,2023-07-20,101.35,103.4,99.4,100.05,484989
AEROENTER,2023-07-21,99.75,101.95,97.8,98.6,528134
AEROENTER,2023-07-24,99.1,100.5,95.1,95.9,704658
AEROENTER,2023-07-25,96.4,98.9,94.65,95.85,525252
AEROENTER,2023-07-26,96.55,99.95,96.15,99.65,714821
AEROENTER,2023-07-27,99.65,102.75,97.5,99.4,724816
AEROENTER,2023-07-28,100.15,103.15,98.1,100.85,401955
AEROENTER,2023-07-31,101.95,101.95,99.5,99.9,291894
AEROENTER,2023-08-01,99.85,106.9,99.1,105.65,1129155
AEROENTER,2023-08-02,106.7,108.65,101.95,106.25,961065
AEROENTER,2023-08-03,107.0,110.0,104.9,108.6,852151
AEROENTER,2023-08-04,108.6,112.7,108.6,110.7,740109
AEROENTER,2023-08-07,111.8,116.7,111.5,112.55,907028
AEROENTER,2023-08-08,118.6,126.3,116.95,120.05,2841111
AEROENTER,2023-08-09,121.4,125.1,120.0,120.45,1138227
AEROENTER,2023-08-10,121.25,123.65,117.55,119.35,582980
AEROENTER,2023-08-11,120.3,124.95,118.1,121.5,658801
AEROENTER,2023-08-14,121.55,127.2,118.6,124.8,3024728
AEROENTER,2023-08-16,124.45,132.3,122.95,130.3,1250107
AEROENTER,2023-08-17,131.25,137.0,130.95,135.1,1212749
AEROENTER,2023-08-18,136.4,136.6,131.5,132.7,765603
AEROENTER,2023-08-21,133.8,145.6,133.8,140.1,1139190
AEROENTER,2023-08-22,141.75,142.25,134.25,139.3,869439
AEROENTER,2023-08-23,140.0,141.5,132.5,134.85,484356
AEROENTER,2023-08-24,136.4,138.2,130.5,131.6,571714
AEROENTER,2023-08-25,130.75,134.0,127.3,129.0,691195
AEROENTER,2023-08-28,130.3,132.0,122.85,130.65,748539
AEROENTER,2023-08-29,130.8,133.1,125.1,129.15,552510
AEROENTER,2023-08-30,129.45,133.0,127.0,128.9,717538
AEROENTER,2023-08-31,129.9,132.2,119.2,120.2,1023272
AEROENTER,2023-09-01,121.15,124.0,113.5,114.85,1077497
AEROENTER,2023-09-04,115.85,121.4,115.3,116.1,957035
AEROENTER,2023-09-05,117.0,119.0,113.95,114.45,696145
AEROENTER,2023-09-06,115.0,115.0,112.0,112.65,629876
AEROENTER,2023-09-07,113.65,116.95,111.6,116.1,720028
AEROENTER,2023-09-08,116.95,117.5,112.85,114.1,624800
AEROENTER,2023-09-11,114.45,125.0,113.3,122.55,1483176
AEROENTER,2023-09-12,124.4,125.6,106.9,110.4,1246032
AEROENTER,2023-09-13,111.0,115.1,107.35,110.0,1139053
AEROENTER,2023-09-14,111.9,116.55,111.9,115.85,548099
AEROENTER,2023-09-15,116.8,118.6,114.6,117.75,429042
AEROENTER,2023-09-18,118.3,121.2,115.5,117.35,825663
AEROENTER,2023-09-20,116.25,119.25,114.1,114.85,795000
AEROENTER,2023-09-21,115.0,117.7,112.05,113.0,566688
AEROENTER,2023-09-22,113.9,114.75,106.95,109.7,693302
AEROENTER,2023-09-25,110.55,110.65,106.35,107.45,349012
AEROENTER,2023-09-26,107.95,109.2,102.55,103.0,649175
AEROENTER,2023-09-27,103.5,106.4,101.15,102.05,682414
AEROENTER,2023-09-28,102.85,105.05,101.5,102.0,570427
AEROENTER,2023-09-29,103.55,105.25,100.3,102.85,850676
AEROENTER,2023-10-03,102.05,103.2,99.1,99.7,532584
AEROENTER,2023-10-04,100.0,102.3,93.6,95.55,1211020
AEROENTER,2023-10-05,97.05,99.0,95.8,96.95,447314
AEROENTER,2023-10-06,97.65,98.35,94.35,95.15,599110
AEROENTER,2023-10-09,95.0,95.0,91.8,94.6,343899
AEROENTER,2023-10-10,96.0,96.35,92.5,93.1,332127
AEROENTER,2023-10-11,93.8,95.7,91.15,92.2,678809
AEROENTER,2023-10-12,93.0,95.25,91.9,94.8,915022
AEROENTER,2023-10-13,94.9,101.75,94.9,99.9,1503325
AEROENTER,2023-10-16,100.6,104.0,97.55,98.8,2358901
AEROENTER,2023-10-17,99.6,100.5,97.7,98.25,783652
AEROENTER,2023-10-18,98.75,100.35,95.8,97.55,601593
AEROENTER,2023-10-19,96.0,100.2,95.8,97.75,505248
AEROENTER,2023-10-20,97.6,98.75,96.2,97.9,396611
AEROENTER,2023-10-23,97.5,98.25,93.05,93.65,466288
AEROENTER,2023-10-25,94.05,95.2,87.05,88.15,865414
AEROENTER,2023-10-26,87.85,88.7,84.15,86.6,1171771
AEROENTER,2023-10-27,87.8,89.75,87.3,88.4,746053
AEROENTER,2023-10-30,88.35,89.9,87.8,88.95,498386
AEROENTER,2023-10-31,89.15,94.15,88.85,92.75,819404
AEROENTER,2023-11-01,93.5,94.4,92.5,93.85,468026
AEROENTER,2023-11-02,94.7,98.75,93.25,96.15,762414
AEROENTER,2023-11-03,96.95,97.0,92.75,94.8,710210
AEROENTER,2023-11-06,95.2,96.4,94.2,95.0,595780
AEROENTER,2023-11-07,98.95,101.65,96.6,97.8,2085371
AEROENTER,2023-11-08,98.7,99.55,96.0,97.15,806063
AEROENTER,2023-11-09,97.9,98.9,94.0,95.65,746474
AEROENTER,2023-11-10,95.7,97.45,95.2,96.25,500324
AEROENTER,2023-11-13,98.5,98.55,96.85,97.4,369205
AEROENTER,2023-11-15,98.0,99.75,95.5,95.8,666157
AEROENTER,2023-11-16,96.35,97.9,95.05,96.05,734023
AEROENTER,2023-11-17,96.0,97.9,95.3,96.0,473916
AEROENTER,2023-11-20,97.45,97.45,95.35,96.3,484053
AEROENTER,2023-11-21,96.3,101.95,96.3,99.85,1249104
AEROENTER,2023-11-22,100.75,101.35,96.6,98.0,500315
AEROENTER,2023-11-23,98.1,109.7,97.45,105.2,1315512
AEROENTER,2023-11-24,106.7,114.0,106.2,107.7,2898243
AEROENTER,2023-11-28,108.55,114.4,108.3,111.85,2018774
AEROENTER,2023-11-29,112.5,113.25,107.1,108.1,698787
AEROENTER,2023-11-30,115.6,119.4,114.0,117.35,3142050
AEROENTER,2023-12-01,118.7,120.65,116.0,116.65,1464083
AEROENTER,2023-12-04,119.2,120.6,115.6,116.65,845409
AEROENTER,2023-12-05,117.65,118.35,114.55,115.4,716452
AEROENTER,2023-12-06,116.4,117.75,113.55,116.55,636962
AEROENTER,2023-12-07,117.0,120.0,114.5,117.05,695220
AEROENTER,2023-12-08,117.45,118.45,113.6,116.1,465339
AEROENTER,2023-12-11,116.95,117.5,114.25,115.1,500112
AEROENTER,2023-12-12,115.9,118.2,114.35,115.05,555497
AEROENTER,2023-12-13,116.0,116.85,114.35,114.8,424981
AEROENTER,2023-12-14,115.5,116.4,113.2,114.2,388054
AEROENTER,2023-12-15,114.45,115.45,111.1,111.9,440260
AEROENTER,2023-12-18,112.5,114.6,111.2,112.6,376627
AEROENTER,2023-12-19,113.45,113.7,109.7,110.05,588095
AEROENTER,2023-12-20,110.1,111.25,101.9,103.2,880989
AEROENTER,2023-12-21,102.95,109.95,101.05,106.65,544400
AEROENTER,2023-12-22,109.9,115.9,108.05,115.5,1905267
AEROENTER,2023-12-26,116.05,117.4,111.25,112.55,552230
AEROENTER,2023-12-27,113.4,114.6,110.5,111.75,395340
AEROENTER,2023-12-28,111.8,114.3,111.0,111.75,555224
AEROENTER,2023-12-29,111.7,116.75,111.15,115.1,732221
AEROENTER,2024-01-01,115.0,117.15,114.35,115.75,459255
AEROENTER,2024-01-02,116.35,122.4,114.0,119.75,2504056
AEROENTER,2024-01-03,122.0,123.4,117.25,118.95,1476866
AEROENTER,2024-01-04,119.85,137.2,119.2,134.95,6414342
AEROENTER,2024-01-05,136.3,138.9,131.75,133.2,4072079
AEROENTER,2024-01-08,133.9,136.5,130.05,132.35,1669554
AEROENTER,2024-01-09,133.0,134.95,129.05,130.7,934630
AEROENTER,2024-01-10,131.2,139.35,130.45,135.5,2624085
AEROENTER,2024-01-11,136.5,138.9,133.75,135.15,973265
AEROENTER,2024-01-12,134.9,138.8,133.15,134.9,1166764
AEROENTER,2024-01-15,134.9,134.9,134.9,134.9,0
AEROENTER,2024-01-16,129.15,130.75,123.7,125.65,905937
AEROENTER,2024-01-17,124.0,127.3,121.35,122.15,757212
AEROENTER,2024-01-18,122.05,125.5,118.3,124.7,631263
AEROENTER,2024-01-19,125.7,126.5,118.2,124.85,1164146
AEROENTER,2024-01-23,125.45,126.9,119.4,121.45,896452
AEROENTER,2024-01-24,122.0,124.0,119.0,120.95,697412
AEROENTER,2024-01-25,121.55,125.5,121.5,122.8,589007
AEROENTER,2024-01-29,123.85,124.85,119.9,120.5,486941
AEROENTER,2024-01-30,121.35,123.0,117.4,118.8,612069
AEROENTER,2024-01-31,119.5,120.45,115.7,116.75,642604
AEROENTER,2024-02-01,117.5,117.6,113.25,114.3,649349
AEROENTER,2024-02-02,114.5,120.5,112.4,119.35,1557541
AEROENTER,2024-02-05,120.8,121.7,113.25,114.6,871371
AEROENTER,2024-02-06,114.6,117.65,112.4,115.3,632417
AEROENTER,2024-02-07,115.05,121.5,115.0,119.95,1222421
AEROENTER,2024-02-08,121.0,122.5,117.65,120.0,1043617
AEROENTER,2024-02-09,120.0,121.4,114.3,118.05,817305
AEROENTER,2024-02-12,118.05,118.05,108.0,108.8,1023184
AEROENTER,2024-02-13,109.8,110.6,101.95,107.3,679660
AEROENTER,2024-02-14,106.0,114.2,105.85,113.35,568984
AEROENTER,2024-02-15,114.9,115.55,112.4,113.25,403182
AEROENTER,2024-02-16,113.45,114.1,110.9,111.9,323515
AEROENTER,2024-02-19,111.55,112.3,108.1,109.2,429948
AEROENTER,2024-02-20,109.2,111.7,104.4,107.45,512073
AEROENTER,2024-02-21,108.0,111.15,104.35,107.45,487350
AEROENTER,2024-02-22,108.0,109.4,105.8,107.3,323382
AEROENTER,2024-02-23,107.85,113.0,107.85,110.8,802836
AEROENTER,2024-02-26,111.4,114.0,107.65,108.9,572817
AEROENTER,2024-02-27,109.0,109.75,106.7,107.5,279667
AEROENTER,2024-02-28,107.95,108.15,104.15,105.8,355236
AEROENTER,2024-02-29,106.0,106.5,102.7,103.1,442643
AEROENTER,2024-03-01,103.9,108.6,103.25,107.65,549411
AEROENTER,2024-03-04,108.5,108.5,103.0,103.6,394419
AEROENTER,2024-03-05,103.95,104.1,98.5,99.3,1118973
AEROENTER,2024-03-06,99.3,101.0,95.85,98.45,662576
AEROENTER,2024-03-07,98.3,100.2,98.0,98.35,392927
AEROENTER,2024-03-11,99.2,99.2,91.25,93.05,706728
AEROENTER,2024-03-12,92.25,94.95,89.25,90.4,637546
AEROENTER,2024-03-13,90.8,92.25,83.4,85.65,929459
AEROENTER,2024-03-14,86.3,92.55,85.75,89.95,921699
AEROENTER,2024-03-15,90.45,90.45,86.0,89.1,611064
AEROENTER,2024-03-18,89.1,90.3,87.1,88.55,646959
AEROENTER,2024-03-19,88.5,90.8,87.7,89.25,1677912
AEROENTER,2024-03-20,89.25,92.45,87.75,90.1,1533623
AEROENTER,2024-03-21,92.0,93.1,90.0,92.05,1308419
AEROENTER,2024-03-22,91.7,93.6,91.3,92.5,1449182
AEROENTER,2024-03-26,92.95,94.8,87.85,88.5,830759
AEROENTER,2024-03-27,89.3,91.45,84.05,84.75,1503815
AEROENTER,2024-03-28,85.2,89.35,85.2,87.1,776122
AEROENTER,2024-04-01,87.35,94.5,87.35,93.2,1820070
AEROENTER,2024-04-02,95.3,107.7,95.05,101.7,2693013
AEROENTER,2024-04-03,103.4,105.7,101.9,104.1,842372
AEROENTER,2024-04-04,105.4,108.0,102.5,105.5,668679
AEROENTER,2024-04-05,105.85,108.5,104.6,107.5,692996
AEROENTER,2024-04-08,108.0,108.4,104.7,106.9,455291
AEROENTER,2024-04-09,107.2,107.2,103.6,104.05,317435
AEROENTER,2024-04-10,104.35,104.35,101.35,102.15,316445
AEROENTER,2024-04-12,101.45,102.8,98.85,99.8,407503
AEROENTER,2024-04-15,96.2,98.9,94.35,97.05,438739
AEROENTER,2024-04-16,97.1,99.5,96.7,98.55,408087
AEROENTER,2024-04-18,98.55,102.2,97.65,98.45,404494
AEROENTER,2024-04-19,98.25,100.6,95.85,99.7,315816
AEROENTER,2024-04-22,100.25,101.05,97.6,98.95,276236
AEROENTER,2024-04-23,99.45,100.5,98.8,99.55,288756
AEROENTER,2024-04-24,99.6,103.55,99.6,102.3,428597
AEROENTER,2024-04-25,102.45,102.85,99.5,101.65,339518
AEROENTER,2024-04-26,101.7,102.0,99.1,99.5,343911
AEROENTER,2024-04-29,100.05,103.9,99.5,100.55,410912
AEROENTER,2024-04-30,100.95,101.7,98.2,98.75,261150
AEROENTER,2024-05-02,99.45,99.75,97.5,98.2,321300
AEROENTER,2024-05-03,98.9,99.45,95.2,96.95,363612
AEROENTER,2024-05-06,98.85,98.85,92.2,94.0,467169
AEROENTER,2024-05-07,95.4,95.4,92.2,93.1,454723
AEROENTER,2024-05-08,93.1,94.2,91.7,92.25,353968
AEROENTER,2024-05-09,92.7,93.25,90.0,90.9,306627
AEROENTER,2024-05-10,92.2,103.45,92.2,94.1,3027673
AEROENTER,2024-05-13,96.0,96.0,92.3,94.15,412733
AEROENTER,2024-05-14,93.8,95.05,93.1,93.85,231948
AEROENTER,2024-05-15,94.3,95.05,93.35,93.85,315080
AEROENTER,2024-05-16,93.95,95.0,92.65,92.85,254388
AEROENTER,2024-05-17,93.5,94.2,92.75,93.45,259271
AEROENTER,2024-05-21,94.25,95.65,94.2,94.85,290039
AEROENTER,2024-05-22,95.0,95.3,93.0,94.1,281534
AEROENTER,2024-05-23,94.25,96.7,93.05,95.25,657471
AEROENTER,2024-05-24,95.8,96.4,93.0,93.45,344825
AEROENTER,2024-05-27,94.1,94.1,91.1,91.85,297449
AEROENTER,2024-05-28,92.45,92.55,90.15,90.6,287809
AEROENTER,2024-05-29,89.25,91.1,86.5,87.2,718350
AEROENTER,2024-05-30,87.8,89.5,86.05,87.85,443633
AEROENTER,2024-05-31,88.3,91.7,87.0,89.95,318459
AEROENTER,2024-06-03,93.4,99.0,91.0,95.55,1713887
AEROENTER,2024-06-04,96.9,96.9,84.7,86.2,761776
AEROENTER,2024-06-05,87.5,89.45,85.8,88.85,320690
AEROENTER,2024-06-06,89.55,92.8,89.55,91.85,450797
AEROENTER,2024-06-07,92.2,93.9,91.5,92.55,329554
AEROENTER,2024-06-10,93.55,94.25,91.13,91.32,447872
AEROENTER,2024-06-11,92.25,93.95,90.69,92.06,462104
AEROENTER,2024-06-12,92.19,93.01,91.42,91.79,249399
AEROENTER,2024-06-13,92.49,94.25,91.99,92.46,362434
AEROENTER,2024-06-14,92.9,94.89,92.51,93.83,275627
AEROENTER,2024-06-18,94.3,95.35,92.55,94.58,588872
AEROENTER,2024-06-19,94.6,95.08,91.71,92.24,348220
AEROENTER,2024-06-20,92.5,96.7,92.05,94.32,697988
AEROENTER,2024-06-21,95.0,95.85,93.3,93.73,386968
AEROENTER,2024-06-24,94.6,95.64,92.19,94.71,460146
AEROENTER,2024-06-25,94.9,97.19,94.02,94.21,467793
AEROENTER,2024-06-26,94.01,94.89,91.91,92.35,321337
AEROENTER,2024-06-27,92.45,93.83,90.9,91.51,249272
AEROENTER,2024-06-28,91.95,92.34,89.0,89.75,238577
AEROENTER,2024-07-01,89.9,92.75,89.05,89.63,380055
AEROENTER,2024-07-02,90.27,91.35,88.95,89.94,259378
AEROENTER,2024-07-03,90.3,91.8,89.91,90.24,261327
AEROENTER,2024-07-04,90.6,92.34,90.0,91.4,366501
AEROENTER,2024-07-05,91.4,92.2,91.0,91.32,282588
AEROENTER,2024-07-08,91.96,92.0,89.28,89.67,277145
AEROENTER,2024-07-09,90.0,91.54,89.2,89.62,258219
AEROENTER,2024-07-10,89.8,90.3,88.0,88.79,256830
AEROENTER,2024-07-11,89.31,91.55,88.96,89.27,315724
AEROENTER,2024-07-12,89.3,90.83,87.1,88.83,240756
AEROENTER,2024-07-15,89.83,92.88,88.99,91.53,374931
AEROENTER,2024-07-16,92.3,94.68,92.3,93.72,501275
AEROENTER,2024-07-18,93.8,94.43,89.55,90.9,366627
AEROENTER,2024-07-19,90.0,91.8,89.05,89.22,235983
AEROENTER,2024-07-22,88.22,89.51,87.46,87.8,205920
AEROENTER,2024-07-23,87.8,88.6,86.11,88.26,271132
AEROENTER,2024-07-24,90.4,98.8,90.4,96.51,2926298
AEROENTER,2024-07-25,96.51,102.0,96.51,100.08,1886800
AEROENTER,2024-07-26,101.0,102.4,97.22,98.06,1155447
AEROENTER,2024-07-29,100.0,104.0,99.11,100.12,1163573
AEROENTER,2024-07-30,100.77,106.62,99.86,105.17,2089711
AEROENTER,2024-07-31,106.0,108.0,104.2,105.42,974199
AEROENTER,2024-08-01,106.0,106.2,102.0,104.14,966438
AEROENTER,2024-08-02,102.6,102.99,101.0,102.07,451340
AEROENTER,2024-08-05,97.0,102.3,96.3,97.71,868893
AEROENTER,2024-08-06,101.05,104.0,94.35,95.21,560854
AEROENTER,2024-08-07,97.05,106.4,96.2,104.07,1022709
AEROENTER,2024-08-08,104.0,105.26,102.15,102.99,410556
AEROENTER,2024-08-09,103.99,114.0,103.17,111.52,2618138
AEROENTER,2024-08-12,108.51,110.9,105.0,109.89,1819424
AEROENTER,2024-08-13,111.7,115.99,108.64,109.02,1472873
AEROENTER,2024-08-14,109.95,111.39,104.12,105.85,730159
AEROENTER,2024-08-16,106.84,109.4,104.11,107.67,539707
AEROENTER,2024-08-19,109.0,111.4,104.98,105.83,980676
AEROENTER,2024-08-20,106.05,111.8,106.0,108.65,702549
AEROENTER,2024-08-21,109.0,111.88,108.8,109.53,830954
AEROENTER,2024-08-22,110.77,116.8,109.53,115.52,2037549
AEROENTER,2024-08-23,116.83,118.71,114.72,118.02,1093488
AEROENTER,2024-08-26,119.39,125.0,118.37,121.33,1984079
AEROENTER,2024-08-27,122.29,127.99,121.52,124.26,1879756
AEROENTER,2024-08-28,125.8,126.7,121.0,121.28,705545
AEROENTER,2024-08-29,121.28,122.35,117.21,118.5,702757
AEROENTER,2024-08-30,119.34,120.25,117.61,118.82,522155
AEROENTER,2024-09-02,121.35,131.45,119.0,128.13,4415254
AEROENTER,2024-09-03,129.0,133.1,125.8,127.89,1957585
AEROENTER,2024-09-04,127.85,129.6,125.0,125.71,2095735
AEROENTER,2024-09-05,126.69,139.0,126.11,136.25,5267445
AEROENTER,2024-09-06,137.7,143.8,133.71,135.43,9297187
AEROENTER,2024-09-09,137.0,144.0,133.86,137.26,4509097
AEROENTER,2024-09-10,137.85,138.19,132.68,134.28,1774164
AEROENTER,2024-09-11,134.59,137.3,126.55,132.02,7460293
AEROENTER,2024-09-12,133.3,137.76,128.6,129.31,3277099
AEROENTER,2024-09-13,130.0,131.29,127.06,129.06,1890276
AEROENTER,2024-09-16,130.9,134.7,129.37,130.81,2259815
AEROENTER,2024-09-17,131.69,131.83,128.33,129.11,773692
AEROENTER,2024-09-18,129.1,130.0,124.12,125.82,1056544
AEROENTER,2024-09-19,127.01,127.63,119.5,122.1,1258867
AEROENTER,2024-09-20,123.01,126.39,122.4,122.88,606818
AEROENTER,2024-09-23,123.4,127.7,122.96,126.19,796954
AEROENTER,2024-09-24,125.99,126.18,123.15,123.79,410051
AEROENTER,2024-09-25,123.99,125.07,122.0,122.93,323034
AEROENTER,2024-09-26,123.0,123.8,118.2,119.26,607130
AEROENTER,2024-09-27,119.77,126.84,119.77,125.5,1047522
AEROENTER,2024-09-30,125.99,134.89,125.99,131.44,2864403
AEROENTER,2024-10-01,131.99,135.35,131.55,133.41,1071526
AEROENTER,2024-10-03,129.65,132.99,127.2,127.81,873902
AEROENTER,2024-10-04,127.96,130.26,123.17,125.09,861643
AEROENTER,2024-10-07,127.4,127.4,116.25,117.3,1006693
AEROENTER,2024-10-08,112.7,124.9,112.7,123.37,680356
AEROENTER,2024-10-09,124.2,127.9,122.0,122.66,511096
AEROENTER,2024-10-10,123.6,134.0,123.07,132.46,1340953
AEROENTER,2024-10-11,133.0,147.9,131.0,144.78,5041695
AEROENTER,2024-10-14,148.99,151.5,144.0,146.21,4469008
AEROENTER,2024-10-15,147.5,148.4,140.81,143.72,1097763
AEROENTER,2024-10-16,142.95,149.0,141.1,147.93,1611822
AEROENTER,2024-10-17,148.95,150.59,143.12,144.74,1505504
AEROENTER,2024-10-18,143.5,144.5,136.0,143.0,1305944
AEROENTER,2024-10-21,143.8,144.4,133.15,134.61,970824
AEROENTER,2024-10-22,133.25,135.36,125.1,126.28,1013246
AEROENTER,2024-10-23,125.99,131.84,124.05,125.9,821556
AEROENTER,2024-10-24,126.0,129.99,122.2,123.11,556206
AEROENTER,2024-10-25,122.95,123.79,115.21,119.7,961750
AEROENTER,2024-10-28,123.0,123.45,118.05,120.7,540772
AEROENTER,2024-10-29,120.99,122.75,118.5,120.45,396327
AEROENTER,2024-10-30,120.83,125.4,120.36,123.05,529434
AEROENTER,2024-10-31,122.39,124.99,121.67,123.23,258575
AEROENTER,2024-11-01,124.67,126.32,119.0,122.0,318323
AEROENTER,2024-11-04,123.09,124.25,119.8,121.01,424909
AEROENTER,2024-11-05,121.45,123.9,120.62,122.8,253222
AEROENTER,2024-11-06,123.45,126.0,120.88,124.97,584075
AEROENTER,2024-11-07,127.0,127.59,123.28,123.98,409400
AEROENTER,2024-11-08,123.98,124.12,120.5,121.43,341099
AEROENTER,2024-11-11,120.25,121.04,114.1,115.05,916804
AEROENTER,2024-11-12,115.9,116.75,113.1,113.85,367766
AEROENTER,2024-11-13,111.2,113.58,103.55,105.64,1232476
AEROENTER,2024-11-14,106.0,110.0,105.57,108.12,567033
AEROENTER,2024-11-18,108.0,108.99,103.32,105.1,499184
AEROENTER,2024-11-19,105.35,110.19,105.05,106.19,452510
AEROENTER,2024-11-21,105.01,105.45,102.05,102.25,398227
AEROENTER,2024-11-22,102.4,105.36,102.02,104.49,329022
AEROENTER,2024-11-25,106.09,109.68,103.51,104.33,308748
AEROENTER,2024-11-26,105.28,107.59,104.62,106.76,230418
AEROENTER,2024-11-27,106.11,109.0,105.71,108.39,266785
AEROENTER,2024-11-28,108.1,117.79,108.1,113.11,1010714
AEROENTER,2024-11-29,114.0,119.75,111.4,117.45,891017
AEROENTER,2024-12-02,117.21,123.35,117.0,121.9,598019
AEROENTER,2024-12-03,122.0,124.0,120.75,122.85,376790
AEROENTER,2024-12-04,123.5,124.16,118.5,118.85,393366
AEROENTER,2024-12-05,119.0,121.36,117.5,120.23,375084
AEROENTER,2024-12-06,120.75,122.0,119.31,121.37,342921
AEROENTER,2024-12-09,120.95,122.45,118.71,119.35,238245
AEROENTER,2024-12-10,117.2,124.8,117.2,119.96,463901
AEROENTER,2024-12-11,120.19,121.0,119.0,120.45,237366
AEROENTER,2024-12-12,120.4,125.0,118.06,121.74,609120
AEROENTER,2024-12-13,121.74,123.46,116.74,119.27,677154
AEROENTER,2024-12-16,119.25,121.64,119.25,120.24,241980
AEROENTER,2024-12-17,120.05,121.0,118.0,118.65,321049
AEROENTER,2024-12-18,119.6,120.7,115.15,115.91,284583
AEROENTER,2024-12-19,114.0,115.73,113.33,114.42,187707
AEROENTER,2024-12-20,113.8,115.98,111.6,112.23,307184
AEROENTER,2024-12-23,113.6,114.39,104.8,105.84,644734
AEROENTER,2024-12-24,105.71,108.0,105.52,107.34,396357
AEROENTER,2024-12-26,107.35,108.1,105.01,105.81,299415
AEROENTER,2024-12-27,106.15,106.96,105.35,106.0,190279
AEROENTER,2024-12-30,105.0,107.31,104.02,104.87,218120
AEROENTER,2024-12-31,105.0,105.32,100.94,104.58,666445
AEROENTER,2025-01-01,104.75,106.4,104.34,105.86,168062
AEROENTER,2025-01-02,105.8,108.39,105.54,106.78,310225
AEROENTER,2025-01-03,106.7,117.5,106.7,114.85,1458526
AEROENTER,2025-01-06,116.9,116.9,106.3,108.54,622443
AEROENTER,2025-01-07,109.9,113.35,108.75,111.84,449348
AEROENTER,2025-01-08,111.7,111.7,107.7,108.96,346875
AEROENTER,2025-01-09,108.9,111.0,105.63,107.27,244278
AEROENTER,2025-01-10,107.0,108.0,103.55,104.0,243680
AEROENTER,2025-01-13,102.55,103.44,96.27,97.33,501680
AEROENTER,2025-01-14,98.8,102.97,98.78,102.0,294115
AEROENTER,2025-01-15,102.5,104.61,99.12,100.13,157776
AEROENTER,2025-01-16,102.5,110.75,102.5,107.57,1266008
AEROENTER,2025-01-17,106.5,124.4,106.18,117.06,3309181
AEROENTER,2025-01-20,115.65,121.45,115.11,116.47,712604
AEROENTER,2025-01-21,117.05,117.96,110.5,112.36,484585
AEROENTER,2025-01-22,113.1,115.12,106.0,108.48,431239
AEROENTER,2025-01-23,108.4,113.87,106.8,109.85,499647
AEROENTER,2025-01-24,113.94,113.99,106.1,107.1,419070
AEROENTER,2025-01-27,105.0,106.29,102.57,103.81,355793
AEROENTER,2025-01-28,105.35,106.46,99.17,102.26,386429
AEROENTER,2025-01-29,103.0,115.8,103.0,114.1,497116
AEROENTER,2025-01-30,112.5,116.63,112.0,114.69,386789
AEROENTER,2025-01-31,112.95,116.99,112.52,115.2,298399
AEROENTER,2025-02-01,114.69,115.69,108.06,111.35,367908
AEROENTER,2025-02-03,107.81,109.49,105.63,106.82,228668
AEROENTER,2025-02-04,107.4,112.99,107.4,109.59,229065
AEROENTER,2025-02-05,110.6,117.65,110.6,113.61,660813
AEROENTER,2025-02-06,114.97,115.2,110.1,111.5,155693
AEROENTER,2025-02-07,111.5,114.08,108.23,109.05,281992
AEROENTER,2025-02-10,108.99,109.07,104.31,105.36,257500
AEROENTER,2025-02-11,106.0,106.5,100.1,101.82,299287
AEROENTER,2025-02-12,101.82,104.89,99.49,102.42,350073
AEROENTER,2025-02-13,102.9,105.71,102.8,103.41,144733
AEROENTER,2025-02-14,104.17,105.58,98.5,99.64,288933
AEROENTER,2025-02-17,99.1,102.03,96.26,97.8,350567
AEROENTER,2025-02-18,98.0,99.3,92.35,93.37,275112
AEROENTER,2025-02-19,94.6,98.39,94.1,96.5,175245
AEROENTER,2025-02-20,96.85,98.45,95.81,97.3,250804
AEROENTER,2025-02-21,95.85,99.8,95.5,95.99,406071
AEROENTER,2025-02-24,94.0,95.64,92.75,93.48,194323
AEROENTER,2025-02-25,93.5,95.59,92.51,93.17,117935
AEROENTER,2025-02-27,94.5,94.5,88.05,89.38,364248
AEROENTER,2025-02-28,88.3,88.59,83.31,84.11,366074
AEROENTER,2025-03-03,84.89,86.64,77.51,79.13,684880
AEROENTER,2025-03-04,78.99,84.37,78.0,80.69,546346
AEROENTER,2025-03-05,80.0,85.3,80.0,84.91,266047
AEROENTER,2025-03-06,85.49,90.5,85.49,89.2,467469
AEROENTER,2025-03-07,89.99,95.0,89.24,94.28,532791
AEROENTER,2025-03-10,95.0,95.49,88.01,89.02,385586
AEROENTER,2025-03-11,88.0,88.5,86.02,86.22,274335
AEROENTER,2025-03-12,86.89,89.54,86.22,86.95,290753
AEROENTER,2025-03-13,88.0,89.38,84.05,84.84,239771
AEROENTER,2025-03-17,84.84,85.47,80.05,80.87,584275
AEROENTER,2025-03-18,80.87,80.87,80.87,80.87,0
AEROENTER,2025-03-19,80.99,84.77,80.98,84.35,632813
AEROENTER,2025-03-20,85.0,88.31,83.22,84.0,770275
AEROENTER,2025-03-21,84.0,85.79,82.99,83.89,509132
AEROENTER,2025-03-24,84.13,87.74,84.05,84.55,408188
AEROENTER,2025-03-25,85.15,93.98,81.57,88.41,774575
AEROENTER,2025-03-26,89.5,91.5,81.5,82.96,904749
AEROENTER,2025-03-27,83.15,84.5,81.0,81.36,741410
AEROENTER,2025-03-28,82.6,83.79,80.05,80.65,858808
AEROENTER,2025-04-01,80.65,83.95,80.65,83.56,230316
AEROENTER,2025-04-02,84.45,84.64,81.57,84.01,184151
AEROENTER,2025-04-03,83.0,88.2,82.99,87.69,425972
AEROENTER,2025-04-04,87.0,87.0,82.63,83.78,345020
AEROENTER,2025-04-07,72.14,81.54,72.14,80.87,320971
AEROENTER,2025-04-08,81.29,83.8,80.6,81.02,139658
AEROENTER,2025-04-09,81.08,82.14,79.45,79.88,123009
AEROENTER,2025-04-11,81.1,83.0,79.73,81.24,233401
AEROENTER,2025-04-15,82.5,85.9,82.23,84.94,312311
AEROENTER,2025-04-16,85.0,87.8,85.0,87.07,205247
AEROENTER,2025-04-17,86.1,88.28,85.79,86.88,128682
AEROENTER,2025-04-21,87.0,87.9,85.7,86.91,211997
AEROENTER,2025-04-22,86.9,87.73,85.51,86.34,158820
AEROENTER,2025-04-23,86.98,87.8,85.11,86.73,128973
AEROENTER,2025-04-24,86.7,89.45,86.0,87.48,260217
AEROENTER,2025-04-25,88.2,89.29,83.26,84.06,177550
AEROENTER,2025-04-28,84.3,84.3,81.55,81.95,191304
AEROENTER,2025-04-29,82.39,83.69,81.05,81.18,162623
AEROENTER,2025-04-30,81.39,82.17,79.51,79.84,157726
AEROENTER,2025-05-02,80.0,81.2,78.17,78.85,162775
AEROENTER,2025-05-05,79.9,83.3,78.5,80.93,328028
AEROENTER,2025-05-06,81.58,81.58,79.06,79.43,101847
AEROENTER,2025-05-07,78.0,81.59,77.31,80.5,246623
AEROENTER,2025-05-08,81.0,82.59,78.26,78.94,218978
AEROENTER,2025-05-09,77.43,79.36,75.25,77.31,142216
AEROENTER,2025-05-12,81.0,83.8,80.21,82.32,195666
AEROENTER,2025-05-13,82.97,83.99,81.97,82.64,82587
AEROENTER,2025-05-14,82.65,84.95,82.65,83.4,155956
AEROENTER,2025-05-15,83.88,85.5,83.5,84.97,166826
AEROENTER,2025-05-16,85.2,86.4,83.95,84.55,256820
AEROENTER,2025-05-19,84.55,85.94,84.11,85.2,172530
AEROENTER,2025-05-20,85.59,87.95,84.15,85.08,377305
AEROENTER,2025-05-21,85.1,85.85,84.1,84.99,86954
AEROENTER,2025-05-22,84.9,85.16,83.4,83.92,116226
AEROENTER,2025-05-23,84.34,87.6,83.4,86.32,167560
AEROENTER,2025-05-26,85.55,86.0,83.15,83.72,295532
AEROENTER,2025-05-27,83.72,89.37,82.88,87.89,509401
AEROENTER,2025-05-28,88.0,89.88,86.8,88.0,183633
AEROENTER,2025-05-29,87.7,88.39,85.44,86.42,147906
AEROENTER,2025-05-30,87.0,89.9,85.77,87.55,246936
AEROENTER,2025-06-02,88.0,88.68,85.25,85.77,173671
AEROENTER,2025-06-03,86.0,87.35,85.5,85.99,118126
AEROENTER,2025-06-04,86.23,87.5,84.78,86.32,294475
AEROENTER,2025-06-05,86.89,87.99,85.76,86.64,118040
AEROENTER,2025-06-06,86.5,91.5,86.5,89.24,682404
AEROENTER,2025-06-09,89.6,91.83,88.39,90.05,241663
AEROENTER,2025-06-10,90.67,90.67,87.96,88.95,183119
AEROENTER,2025-06-11,89.07,95.3,89.0,91.93,756710
AEROENTER,2025-06-12,92.85,92.85,87.1,88.49,224298
AEROENTER,2025-06-13,86.0,91.99,86.0,91.23,321388
AEROENTER,2025-06-16,91.2,91.8,88.41,90.79,253415
AEROENTER,2025-06-17,90.95,92.89,90.25,90.6,234238
AEROENTER,2025-06-18,90.0,93.0,88.76,89.28,206239
AEROENTER,2025-06-19,90.15,104.9,89.5,97.02,13040698
AEROENTER,2025-06-20,95.96,108.0,94.8,98.56,8433534
AEROENTER,2025-06-23,96.4,98.79,94.33,95.29,1192189
AEROENTER,2025-06-24,96.0,98.39,94.2,94.9,734215
AEROENTER,2025-06-25,94.9,94.9,94.9,94.9,0
AEROENTER,2025-06-26,95.7,97.57,94.5,95.84,286100
AEROENTER,2025-06-27,96.73,100.6,96.0,99.43,714670
AEROENTER,2025-06-30,99.01,104.6,99.01,103.63,908668
AEROENTER,2025-07-01,103.0,104.14,101.15,101.44,180952
AEROENTER,2025-07-02,101.85,102.19,98.8,100.14,221023
AEROENTER,2025-07-03,100.8,101.68,99.84,100.35,151784
AEROENTER,2025-07-04,100.83,101.5,98.85,99.59,175214
AEROENTER,2025-07-07,99.5,100.88,97.15,97.94,149085
AEROENTER,2025-07-08,97.0,98.86,96.4,97.32,177871
AEROENTER,2025-07-09,97.0,100.99,97.0,99.33,464002
AEROENTER,2025-07-10,99.89,100.56,98.11,99.57,236839
AEROENTER,2025-07-11,100.0,103.5,99.2,101.13,436718
AEROENTER,2025-07-14,101.19,108.0,100.24,104.62,626186
AEROENTER,2025-07-15,105.3,109.4,105.2,108.19,844350
AEROENTER,2025-07-16,108.45,111.8,108.01,110.73,618188
AEROENTER,2025-07-17,110.75,113.9,110.75,112.78,556933
AEROENTER,2025-07-18,113.05,113.3,110.0,110.8,440137
AEROENTER,2025-07-21,110.82,112.19,108.4,108.63,352946
AEROENTER,2025-07-22,109.6,113.11,107.4,108.54,595809
AEROENTER,2025-07-23,109.0,109.49,106.1,106.55,200369
AEROENTER,2025-07-24,107.0,107.74,103.1,104.18,196835
AEROENTER,2025-07-25,103.95,105.99,102.17,103.0,270924
AEROENTER,2025-07-28,103.0,104.9,100.35,102.57,191840
AEROENTER,2025-07-29,101.0,101.0,97.5,99.81,377058
AEROENTER,2025-07-30,100.0,104.21,98.41,102.8,644249
AEROENTER,2025-07-31,101.49,103.99,99.0,102.38,652863
AEROENTER,2025-08-01,102.0,103.95,101.0,102.08,396746
AEROENTER,2025-08-04,102.0,102.88,101.0,101.44,81228
AEROENTER,2025-08-05,101.25,102.38,98.71,99.75,303146
AEROENTER,2025-08-06,99.1,100.72,98.57,98.89,159326
AEROENTER,2025-08-07,98.0,99.0,94.39,96.29,199059
AEROENTER,2025-08-08,97.0,98.98,95.71,96.5,142601
AEROENTER,2025-08-11,95.64,97.7,94.25,97.08,119499
AEROENTER,2025-08-12,98.0,98.0,94.41,95.41,125500
AEROENTER,2025-08-13,95.0,95.98,93.51,95.01,206730
AEROENTER,2025-08-14,95.01,95.94,94.21,94.91,106879
AEROENTER,2025-08-18,95.5,96.18,94.16,95.22,83452
AEROENTER,2025-08-19,96.0,96.0,93.5,94.36,87832
AEROENTER,2025-08-20,94.8,95.04,92.5,92.88,134552
AEROENTER,2025-08-21,93.34,93.34,91.01,91.35,139421
AEROENTER,2025-08-22,91.78,92.4,91.16,91.58,95401
AEROENTER,2025-08-25,91.98,92.58,89.01,89.76,135456
AEROENTER,2025-08-26,89.7,89.7,87.1,87.48,88943
AEROENTER,2025-08-28,87.2,87.75,86.16,86.57,78998
AEROENTER,2025-08-29,87.01,87.94,86.1,86.68,71801
AEROENTER,2025-09-01,87.55,88.79,86.75,88.0,108072
AEROENTER,2025-09-02,88.99,90.6,87.67,89.28,88017
AEROENTER,2025-09-03,90.0,90.5,89.05,89.7,56555
AEROENTER,2025-09-04,90.79,90.79,86.02,87.02,83238
AEROENTER,2025-09-05,87.4,87.56,86.0,86.66,100774
AEROENTER,2025-09-08,87.09,87.8,84.0,84.62,147681
AEROENTER,2025-09-09,84.99,87.06,84.38,84.98,87566
AEROENTER,2025-09-10,86.0,86.95,85.57,86.27,75746
AEROENTER,2025-09-11,86.65,88.59,85.41,86.26,92411
AEROENTER,2025-09-12,87.0,87.0,84.0,86.09,173274
AEROENTER,2025-09-15,86.09,87.4,86.09,86.52,56993
AEROENTER,2025-09-16,86.99,88.8,86.22,88.0,161240
AEROENTER,2025-09-17,88.8,88.8,86.99,87.6,78896
AEROENTER,2025-09-18,88.0,89.0,84.82,86.24,194350
AEROENTER,2025-09-19,86.69,87.31,85.5,85.92,143798
AEROENTER,2025-09-22,86.0,86.99,84.5,84.87,142369
AEROENTER,2025-09-23,84.9,85.74,84.4,85.37,53756
AEROENTER,2025-09-24,85.9,85.9,83.55,84.27,228737
AEROENTER,2025-09-25,83.4,86.89,83.0,85.93,209086
AEROENTER,2025-09-26,85.1,85.92,83.58,84.24,104996
AEROENTER,2025-09-29,85.0,85.49,82.8,83.72,152360
AEROENTER,2025-09-30,83.52,89.2,83.52,87.96,449620
AEROENTER,2025-10-01,88.83,90.8,86.15,88.01,385203
AEROENTER,2025-10-03,88.39,93.99,87.99,92.69,491345
AEROENTER,2025-10-06,93.5,93.5,85.5,86.55,425801
AEROENTER,2025-10-07,85.6,89.0,85.18,88.68,278512
AEROENTER,2025-10-08,89.11,90.6,88.35,88.85,252333
AEROENTER,2025-10-09,88.0,90.55,87.6,89.2,250769
AEROENTER,2025-10-10,89.72,90.44,88.1,88.64,194774
AEROENTER,2025-10-13,88.64,88.9,86.5,86.97,146744
AEROENTER,2025-10-14,88.0,88.0,84.7,85.09,104407
AEROENTER,2025-10-15,86.0,86.29,84.0,84.36,117650
AEROENTER,2025-10-16,84.79,85.16,76.26,79.46,615201
AEROENTER,2025-10-17,78.8,80.35,74.91,77.49,585873
AEROENTER,2025-10-20,77.71,79.0,77.0,77.72,128157
AEROENTER,2025-10-21,78.35,78.9,76.59,77.03,103669
AEROENTER,2025-10-23,77.45,83.0,76.14,82.07,456704
AEROENTER,2025-10-24,83.0,86.75,81.31,85.27,375603
AEROENTER,2025-10-27,86.0,86.5,84.1,85.23,168458
AEROENTER,2025-10-28,85.0,86.0,84.15,85.02,223840
AEROENTER,2025-10-29,85.83,88.69,85.3,86.94,273860
AEROENTER,2025-10-30,86.05,88.0,86.05,86.75,181069
AEROENTER,2025-10-31,86.75,89.75,86.21,87.04,566533
AEROENTER,2025-11-03,87.2,88.5,86.47,86.61,302575
AEROENTER,2025-11-04,87.0,87.0,85.05,86.11,193380
AEROENTER,2025-11-06,85.0,87.0,84.45,84.8,336895
AEROENTER,2025-11-07,85.6,90.7,83.62,90.13,454047
AEROENTER,2025-11-10,90.1,91.91,88.16,89.17,309455
AEROENTER,2025-11-11,90.0,90.59,88.42,89.34,125274
AEROENTER,2025-11-12,89.0,92.29,88.12,89.67,290794
AEROENTER,2025-11-13,89.95,92.5,86.68,90.32,412174
AEROENTER,2025-11-14,92.0,94.1,87.0,87.77,220506
AEROENTER,2025-11-17,88.47,88.83,87.0,87.28,102980
AEROENTER,2025-11-18,87.0,88.45,86.0,86.85,62955
AEROENTER,2025-11-19,86.4,87.0,84.5,85.34,67802
AEROENTER,2025-11-20,85.0,85.65,83.25,83.91,105133
AEROENTER,2025-11-21,83.91,87.5,81.55,84.45,249939
AEROENTER,2025-11-24,85.5,86.48,83.75,84.16,88478
AEROENTER,2025-11-25,83.5,86.0,83.5,85.4,57298
AEROENTER,2025-11-26,85.4,87.99,85.05,86.95,228137
AEROENTER,2025-11-27,87.36,89.4,86.38,87.58,436510
AEROENTER,2025-11-28,87.8,89.1,86.0,86.56,176761
AEROENTER,2025-12-01,87.09,88.0,85.01,85.33,108024
AEROENTER,2025-12-02,85.33,85.89,83.35,85.06,133022
AEROENTER,2025-12-03,85.9,85.9,84.19,84.86,138104
AEROENTER,2025-12-04,84.44,85.9,83.0,84.64,138562
AEROENTER,2025-12-05,84.6,85.12,82.11,82.84,91214
AEROENTER,2025-12-08,82.34,82.45,78.5,79.07,119047
AEROENTER,2025-12-09,78.5,81.19,76.5,80.13,160335
AEROENTER,2025-12-10,81.0,81.4,79.0,80.34,67714
AEROENTER,2025-12-11,80.6,82.5,79.21,82.12,70722
AEROENTER,2025-12-12,82.0,82.95,80.01,80.15,103226
AEROENTER,2025-12-15,80.15,80.85,79.26,79.99,148177
AEROENTER,2025-12-16,80.0,80.75,78.61,80.02,184491
AEROENTER,2025-12-17,81.5,81.5,79.0,79.47,53620
AEROENTER,2025-12-18,79.47,79.47,78.0,78.42,65940
AEROENTER,2025-12-19,80.03,84.9,78.26,84.11,411762
AEROENTER,2025-12-22,84.3,86.55,81.7,85.97,487802
AEROENTER,2025-12-23,87.0,92.9,86.39,92.33,555087
AEROENTER,2025-12-24,93.45,93.45,90.11,90.81,177247
AEROENTER,2025-12-26,90.75,92.5,89.01,89.41,174775
AEROENTER,2025-12-29,87.9,91.0,87.9,89.14,122147
AEROENTER,2025-12-30,89.0,89.49,86.05,86.56,128674
AEROENTER,2025-12-31,85.7,87.85,85.05,85.36,50817
AEROENTER,2026-01-01,86.0,86.8,84.52,84.94,38188
AEROENTER,2026-01-02,85.49,89.0,84.5,87.91,320389
AEROENTER,2026-01-05,88.9,90.32,85.96,86.76,316931
AEROENTER,2026-01-06,86.5,88.7,85.23,88.16,316982
AEROENTER,2026-01-07,88.09,90.5,85.0,85.64,664338
AEROENTER,2026-01-08,86.5,86.5,83.12,83.58,281719
AEROENTER,2026-01-09,83.5,83.65,79.0,79.72,329960
AEROENTER,2026-01-12,80.12,80.6,77.77,79.35,372537
AEROENTER,2026-01-13,79.94,81.6,79.1,79.53,219698
AEROENTER,2026-01-14,79.53,80.6,79.07,79.66,175792
AEROENTER,2026-01-16,79.05,82.9,79.05,82.09,316419
AEROENTER,2026-01-19,82.0,82.0,80.16,81.2,420105
AEROENTER,2026-01-20,82.0,84.8,80.0,80.56,342679
AEROENTER,2026-01-21,80.12,80.68,77.15,77.94,250315
AEROENTER,2026-01-22,77.98,88.0,77.91,86.13,2468391
AEROENTER,2026-01-23,85.94,88.6,79.0,79.71,394362
AEROENTER,2026-01-27,80.2,80.28,77.1,77.67,233943
AEROENTER,2026-01-28,78.29,79.25,76.2,78.44,273083
AEROENTER,2026-01-29,78.05,83.0,78.05,81.37,381037
AEROENTER,2026-01-30,80.0,82.0,78.3,79.81,199462
AEROENTER,2026-02-02,78.0,78.0,75.43,77.59,120032
AEROENTER,2026-02-03,82.9,84.5,80.35,80.78,211053
AEROENTER,2026-02-04,81.2,81.61,79.5,80.08,143048
AEROENTER,2026-02-05,80.99,81.34,78.55,79.18,149098
AEROENTER,2026-02-06,79.79,80.44,77.91,79.6,167635
AEROENTER,2026-02-09,80.31,82.8,80.19,82.32,196527
AEROENTER,2026-02-10,82.9,83.5,81.31,82.13,141376
AEROENTER,2026-02-11,81.7,82.96,80.19,80.76,153507
AEROENTER,2026-02-12,81.3,84.5,79.51,80.0,431254
AEROENTER,2026-02-13,80.1,80.64,78.01,79.25,166388
AEROENTER,2026-02-16,78.63,81.0,78.63,79.95,162471
AEROENTER,2026-02-17,79.12,84.0,79.12,81.69,317348
AEROENTER,2026-02-18,81.18,86.5,80.1,81.62,780740
AEROENTER,2026-02-19,82.0,82.31,79.1,79.32,257008
AEROENTER,2026-02-20,79.32,79.35,78.3,78.61,104523
AEROENTER,2026-02-23,78.61,79.6,77.91,78.95,173935
AEROENTER,2026-02-24,80.2,80.2,77.12,77.98,181001
AEROENTER,2026-02-25,79.0,79.31,77.61,78.42,289069
AEROENTER,2026-02-26,79.21,79.99,77.25,78.01,150365
AEROENTER,2026-02-27,78.39,79.5,77.52,78.47,216178
AEROENTER,2026-03-02,75.3,77.46,75.1,75.49,226142
AEROENTER,2026-03-04,74.98,75.51,73.41,74.11,198247
AEROENTER,2026-03-05,73.87,77.99,73.87,76.28,172821
AEROENTER,2026-03-06,76.9,76.9,74.05,74.11,156765
AEROENTER,2026-03-09,72.0,73.95,69.33,70.3,326402
AEROENTER,2026-03-10,70.98,73.7,70.98,73.0,160811
AEROENTER,2026-03-11,73.01,75.19,72.0,72.68,362493
AEROENTER,2026-03-12,72.45,73.91,70.12,71.03,263651
AEROENTER,2026-03-13,71.0,71.41,68.22,68.57,228462
AEROENTER,2026-03-16,67.54,68.69,65.31,65.9,425679
AEROENTER,2026-03-17,66.19,68.85,65.68,67.31,320122
AEROENTER,2026-03-18,67.85,80.77,67.59,79.05,1556790
AEROENTER,2026-03-19,67.0,78.0,67.0,74.06,993465
AEROENTER,2026-03-20,74.0,76.8,71.11,72.53,310467
AEROENTER,2026-03-23,70.4,70.91,62.2,65.31,603848
AEROENTER,2026-03-24,65.89,67.78,63.01,66.14,769006
AEROENTER,2026-03-25,66.96,70.78,66.51,68.51,431534
AEROENTER,2026-03-27,68.21,68.48,66.05,66.49,376571
AEROENTER,2026-03-30,65.99,68.17,64.05,64.94,509895
AEROENTER,2026-04-01,68.0,70.25,67.99,69.7,190543
AEROENTER,2026-04-02,69.3,72.0,66.83,71.43,316027
AEROENTER,2026-04-06,71.43,74.89,70.2,73.67,323349
AEROENTER,2026-04-07,74.26,76.85,73.06,75.41,356176
AEROENTER,2026-04-08,76.0,78.9,76.0,78.27,411896
AEROENTER,2026-04-09,78.27,81.97,77.4,81.29,649682
AEROENTER,2026-04-10,82.0,85.65,81.4,84.67,496911
AEROENTER,2026-04-13,83.0,87.95,81.0,86.51,562773
AEROENTER,2026-04-15,87.95,92.48,87.0,89.5,492781
AEROENTER,2026-04-16,90.0,92.24,87.66,88.59,309909
AEROENTER,2026-04-17,87.55,94.0,87.55,91.98,823132
AEROENTER,2026-04-20,92.5,92.69,86.4,87.27,514197
AEROENTER,2026-04-21,87.0,88.79,87.0,88.07,316962
AEROENTER,2026-04-22,87.81,92.42,87.81,90.95,386942
AEROENTER,2026-04-23,90.48,90.88,87.5,89.55,241021
AEROENTER,2026-04-24,90.4,93.08,88.03,92.22,652059
AEROENTER,2026-04-27,93.5,95.8,91.15,91.95,564547
AEROENTER,2026-04-28,91.5,94.9,90.46,91.25,576687
AEROENTER,2026-04-29,91.55,93.23,90.12,90.68,230347
AEROENTER,2026-04-30,90.68,94.5,90.45,93.34,427384
AEROENTER,2026-05-01,93.34,93.34,93.34,93.34,0
AEROENTER,2026-05-04,94.74,96.0,91.8,93.01,472400
AEROENTER,2026-05-05,93.01,95.5,92.07,94.48,362717
AEROENTER,2026-05-06,94.48,105.0,94.48,98.49,994917
AEROENTER,2026-05-07,99.3,114.8,99.1,111.29,2362519
AEROENTER,2026-05-08,110.5,113.0,107.0,109.45,844534
AEROENTER,2026-05-11,109.38,111.37,103.1,104.57,522462
AEROENTER,2026-05-12,104.44,107.12,100.5,101.93,400540
AEROENTER,2026-05-13,103.72,106.5,100.52,102.21,435401
AEROENTER,2026-05-14,106.2,109.5,100.2,101.83,439799
AEROENTER,2026-05-15,102.51,105.5,100.6,101.74,340256
AEROENTER,2026-05-18,101.7,101.74,97.01,100.79,353749
AEROENTER,2026-05-19,101.0,104.0,99.2,100.2,354161
AEROENTER,2026-05-20,99.75,100.8,98.29,99.24,287085
AEROENTER,2026-05-21,101.03,101.85,97.5,98.08,247894
AEROENTER,2026-05-22,98.09,100.23,97.1,99.02,292750
AEROENTER,2026-05-25,99.02,101.6,97.52,98.07,282839
AEROENTER,2026-05-26,97.32,100.29,96.0,96.9,283285
AEROENTER,2026-05-27,96.8,99.01,96.5,97.42,233156
AEROENTER,2026-05-28,97.42,97.42,97.42,97.42,0
AEROENTER,2026-05-29,97.88,98.39,95.15,96.25,313085
AEROENTER,2026-06-01,96.25,99.19,93.4,94.07,305696
AEROENTER,2026-06-02,94.31,97.43,93.9,96.25,221563
AEROENTER,2026-06-03,96.55,99.0,95.25,98.4,325381
AEROENTER,2026-06-04,98.0,105.9,97.4,101.13,755189
AEROENTER,2026-06-05,102.37,103.8,99.22,100.83,470133
AEROENTER,2026-06-08,98.0,102.65,95.25,100.72,483892
AEROENTER,2026-06-09,100.72,106.78,100.72,105.05,745426
AEROENTER,2026-06-10,105.1,109.7,104.02,105.25,1303705
AEROENTER,2026-06-11,105.25,107.35,102.5,102.84,497519
AEROENTER,2026-06-12,103.13,112.0,103.13,109.78,1070685
AEROENTER,2026-06-15,111.18,112.31,109.0,110.42,996951
AEROENTER,2026-06-16,110.42,112.99,106.5,107.66,550308
AEROENTER,2026-06-17,107.02,116.8,106.03,115.65,2214137
AEROENTER,2026-06-18,120.0,131.0,117.71,124.42,10263334
AEROENTER,2026-06-19,123.4,137.95,121.5,135.87,6427192
AEROENTER,2026-06-22,139.02,148.4,139.0,144.99,7737951
AEROENTER,2026-06-23,146.79,149.55,139.24,142.94,3140991
AEROENTER,2026-06-24,139.4,144.0,131.11,134.14,1621998
AEROENTER,2026-06-25,135.21,140.0,133.6,137.6,1792637
AEROENTER,2026-06-26,137.6,137.6,137.6,137.6,0
AEROENTER,2026-06-29,139.0,143.98,136.11,142.3,1900890
AEROENTER,2026-06-30,142.86,144.69,138.88,141.25,1364075
AEROENTER,2026-07-01,142.66,142.84,138.58,139.89,920779
AEROENTER,2026-07-02,140.59,143.9,135.18,136.66,873462
AEROENTER,2026-07-03,137.4,138.09,128.35,130.65,1093192
AEROENTER,2026-07-06,131.4,134.19,129.84,130.89,599960
AEROENTER,2026-07-07,131.48,131.48,118.0,121.52,1733809
AEROENTER,2026-07-08,121.0,125.88,115.4,116.89,1063471
AEROENTER,2026-07-09,117.87,123.4,117.21,119.88,676166
AEROENTER,2026-07-10,120.8,125.89,119.12,124.97,498175
AEROENTER,2026-07-13,123.0,124.0,120.25,120.97,463948
AEROENTER,2026-07-14,120.43,125.0,117.84,121.19,818334
AEROENTER,2026-07-15,120.5,123.17,119.67,120.55,760764
AEROENTER,2026-07-16,123.0,123.0,118.1,119.61,385549
AEROENTER,2026-07-17,118.7,119.75,115.3,117.46,354476
AEROENTER,2026-07-20,117.46,122.2,117.2,120.34,296696
AEROENTER,2026-07-21,121.19,122.1,117.7,119.5,377015
AEROENTER,2026-07-22,119.95,119.95,115.91,116.48,277453
AEROENTER,2026-07-23,117.0,128.8,115.4,123.6,1351096
AEROENTER,2026-07-24,125.0,129.69,120.1,127.3,704414
AEROENTER,2026-07-27,128.56,129.59,121.02,122.1,502369
AEROENTER,2026-07-28,124.99,128.0,118.61,121.01,692473
AEROENTER,2026-07-29,122.83,125.5,121.24,122.14,393496
AEROENTER,2026-07-30,122.34,122.34,118.01,118.95,291629
AEROENTER,2026-07-31,119.05,123.68,118.4,119.43,227550
AEROENTER,2026-08-03,121.22,124.0,120.81,123.3,220022
AEROENTER,2026-08-04,123.3,133.3,122.63,132.67,1605803
AEROENTER,2026-08-05,133.99,135.97,130.0,132.14,604590
AEROENTER,2026-08-06,132.01,133.9,128.07,130.32,367932
AEROENTER,2026-08-07,130.49,131.59,125.71,126.39,271628
AEROENTER,2026-08-10,132.0,132.49,126.0,127.11,354738
AEROENTER,2026-08-11,127.79,131.0,123.38,129.41,385997
AEROENTER,2026-08-12,135.0,135.0,126.0,129.29,1019988
AEROENTER,2026-08-13,130.25,130.67,124.7,125.18,389143
AEROENTER,2026-08-14,126.0,129.9,121.31,127.95,555683
AEROENTER,2026-08-17,128.9,131.3,125.0,125.73,379754
AEROENTER,2026-08-18,125.75,133.4,122.0,130.89,1139049
AEROENTER,2026-08-19,131.0,131.99,128.17,130.14,314178
AEROENTER,2026-08-20,132.9,133.9,128.0,130.65,304509
AEROENTER,2026-08-21,130.65,141.35,130.65,140.07,2736113
AEROENTER,2026-08-24,141.3,143.99,138.0,139.23,672143
AEROENTER,2026-08-25,140.0,142.0,136.08,140.74,675104
AEROENTER,2026-08-26,141.0,144.98,140.4,143.64,908208
AEROENTER,2026-08-27,145.45,147.0,141.01,142.66,1011094
AEROENTER,2026-08-28,144.82,147.43,143.05,146.29,930558
AEROENTER,2026-08-31,147.46,149.0,136.5,138.45,653171
AEROENTER,2026-09-01,138.0,148.8,137.65,143.39,1336212
AEROENTER,2026-09-02,142.0,143.59,139.41,140.46,413196
AEROENTER,2026-09-03,141.4,147.44,140.46,142.86,671011
AEROENTER,2026-09-04,143.88,145.19,140.2,141.81,477542
AEROENTER,2026-09-07,143.23,156.0,142.55,154.73,3260028
AEROENTER,2026-09-08,157.0,159.6,150.25,152.65,1601272
AEROENTER,2026-09-09,151.81,152.55,140.7,142.95,1381011
AEROENTER,2026-09-10,143.32,147.04,132.41,135.01,1779021
AEROENTER,2026-09-11,133.6,139.0,130.54,137.09,981278
AEROENTER,2026-09-14,137.09,137.09,137.09,137.09,0
AEROENTER,2026-09-15,137.77,137.77,113.85,116.93,1916380
AEROENTER,2026-09-16,117.84,119.9,108.0,113.35,1723281
AEROENTER,2026-09-17,113.35,124.41,112.2,122.94,2191657
AEROENTER,2026-09-18,122.94,126.9,120.9,125.49,751302
AEROENTER,2026-09-21,126.11,126.89,121.44,122.36,554242
AEROENTER,2026-09-22,123.4,125.5,122.72,123.6,317838
AEROENTER,2026-09-23,124.75,127.99,123.32,126.51,436225
AEROENTER,2026-09-24,125.9,129.67,120.0,126.86,501763
AEROENTER,2026-09-25,126.25,126.51,124.03,125.64,241671
AEROENTER,2026-09-28,125.64,125.64,120.79,121.66,258602
AEROENTER,2026-09-29,121.7,126.0,118.81,124.7,382082
AEROENTER,2026-09-30,125.5,126.99,122.71,124.0,231674
AEROENTER,2026-10-01,122.95,124.0,118.48,121.93,310374
AEROENTER,2026-10-02,121.93,121.93,121.93,121.93,0
AEROENTER,2026-10-05,122.54,130.0,122.54,126.69,761790
AEROENTER,2026-10-06,128.59,134.7,125.51,132.56,796865
AEROENTER,2026-10-07,131.9,131.9,128.2,129.01,422833
AEROENTER,2026-10-08,130.79,130.79,123.9,125.45,412189
AEROENTER,2026-10-09,125.48,127.29,122.51,123.31,318970
